TT_Regions_CM,TT_Regions_Peak,PMNI_X,PMNI_Y,PMNI_Z,PTT_X,PTT_Y,PTT_Z,CMNI_X,CMNI_Y,CMNI_Z,CMTT_X,CM_TTY,CM_TTZ,Voxels,Peak_zScore,NS_1,NS_2,NS_3,NS_4,NS_5,NS_6,NS_7,NS_8,NS_9,NS_10
Right Precuneus; Right Superior Parietal Lobule; Right Brodmann area 7,Right Precuneus; Right Brodmann area 7; Right Superior Parietal Lobule,19,-70,44,19,-66,43,22,-68,42,22,-64,42,400,4.3004,instruction; 6.96; 0.87; 0.05; 0.06,parietal; 5.87; 0.68; 0.4; 0.59,intraparietal sulcus; 5.01; 0.74; 0.38; 0.51,intraparietal; 5.0; 0.73; 0.38; 0.52,parietal frontal; 4.96; 0.81; 0.15; 0.17,spatial information; 4.77; 0.84; 0.11; 0.08,superior parietal; 4.38; 0.72; 0.36; 0.41,spl; 4.24; 0.83; 0.17; 0.18,memory processes; 4.16; 0.81; 0.02; 0.01,retrieval; 4.15; 0.69; -0.08; 0.12
Left  Precuneus; Left  Brodmann area 7; Left  Superior Parietal Lobule; Left  Brodmann area 19; Left  Brodmann area 39,Left  Precuneus; Left  Brodmann area 7; Left  Superior Parietal Lobule; Left  Paracentral Lobule; Left  Brodmann area 5,-19,-55,51,-19,-51,49,-24,-66,39,-24,-63,39,365,4.2477,parietal; 7.49; 0.7; 0.41; 0.62,visual; 7.06; 0.7; 0.5; 0.45,intraparietal; 6.85; 0.75; 0.45; 0.61,sulcus ips; 6.34; 0.82; 0.3; 0.44,intraparietal sulcus; 6.27; 0.75; 0.43; 0.59,ips; 5.44; 0.79; 0.33; 0.46,superior parietal; 5.32; 0.73; 0.47; 0.5,premotor; 5.31; 0.7; 0.32; 0.4,modal; 4.78; 0.79; 0.06; 0.02,dot; 4.77; 0.84; 0.1; 0.07
Right Cingulate Gyrus; Right Brodmann area 31; Left  Cingulate Gyrus; Left  Brodmann area 31; Right Precuneus; Left  Precuneus,Right Cingulate Gyrus; Right Brodmann area 31; Left  Cingulate Gyrus; Left  Brodmann area 31; Right Brodmann area 23,4,-40,36,4,-37,35,3,-44,35,3,-41,34,151,3.8066,self referential; 6.24; 0.86; 0.22; 0.22,referential; 5.97; 0.85; 0.22; 0.21,default; 5.31; 0.75; 0.45; 0.48,posterior cingulate; 4.83; 0.73; 0.49; 0.56,default mode; 4.51; 0.74; 0.42; 0.46,mode network; 4.28; 0.74; 0.37; 0.41,mode; 4.23; 0.72; 0.41; 0.45,pathophysiological; 4.14; 0.84; 0.02; -0.03,network connectivity; 3.99; 0.82; 0.2; 0.24,precuneus posterior; 3.89; 0.83; 0.22; 0.26
Right Middle Frontal Gyrus; Right Brodmann area 6; Right Precentral Gyrus,Right Precentral Gyrus; Right Brodmann area 6; Right Middle Frontal Gyrus,28,-11,53,28,-8,49,29,-7,57,29,-4,52,98,3.957,movements; 9.65; 0.82; 0.52; 0.6,premotor; 8.74; 0.79; 0.57; 0.66,frontal eye; 8.7; 0.87; 0.34; 0.45,eye fields; 8.22; 0.89; 0.32; 0.44,motor; 7.85; 0.74; 0.5; 0.58,finger movements; 7.43; 0.88; 0.36; 0.48,movement; 7.25; 0.78; 0.39; 0.49,dorsal premotor; 7.05; 0.84; 0.43; 0.51,premotor cortex; 6.9; 0.78; 0.47; 0.58,execution; 6.42; 0.8; 0.43; 0.58
Right Caudate; Right Caudate Body; Right Caudate Head; Right Putamen; Right Lentiform Nucleus,Right Caudate; Right Caudate Head; Right Anterior Cingulate; Right Brodmann area 24; Right Brodmann area 25; Right Caudate Body; Right Brodmann area 32; Right Putamen,10,19,1,10,18,-0,12,15,8,12,15,6,67,3.8397,caudate; 10.54; 0.83; 0.42; 0.53,caudate nucleus; 9.87; 0.86; 0.4; 0.5,reward; 9.56; 0.81; 0.44; 0.57,striatal; 9.32; 0.83; 0.39; 0.61,punishment; 8.99; 0.9; 0.33; 0.36,striatum; 8.99; 0.8; 0.44; 0.64,nucleus; 8.48; 0.8; 0.38; 0.57,monetary; 8.0; 0.84; 0.38; 0.54,ventral striatum; 7.13; 0.81; 0.42; 0.49,seeking; 6.67; 0.87; 0.24; 0.27
Right Inferior Frontal Gyrus; Right Middle Frontal Gyrus; Right Brodmann area 46; Right Brodmann area 13; Right Brodmann area 45,Right Middle Frontal Gyrus; Right Brodmann area 46; Right Inferior Frontal Gyrus; Right Brodmann area 13; Right Brodmann area 45,45,30,17,45,30,14,45,29,17,44,29,14,61,3.9749,inferior frontal; 5.29; 0.65; 0.22; 0.38,memory; 4.77; 0.63; 0.28; 0.3,orthographic; 4.7; 0.78; 0.15; 0.2,semantically; 4.57; 0.78; 0.05; 0.1,encoding; 4.52; 0.66; 0.04; 0.04,frontal; 4.33; 0.61; 0.29; 0.41,beliefs; 4.29; 0.8; -0.06; 0.05,word; 4.18; 0.65; 0.18; 0.28,meaning; 4.16; 0.71; 0.04; 0.14,working memory; 3.89; 0.64; 0.42; 0.45
Right Inferior Frontal Gyrus; Right Brodmann area 9; Right Insula; Right Precentral Gyrus; Right Brodmann area 6; Right Middle Frontal Gyrus; Right Brodmann area 44,Right Inferior Frontal Gyrus; Right Brodmann area 9; Right Precentral Gyrus; Right Brodmann area 6; Right Middle Frontal Gyrus; Right Brodmann area 44,54,6,32,54,7,29,45,4,24,45,5,22,53,3.3694,premotor; 8.37; 0.73; 0.43; 0.48,ventral premotor; 8.19; 0.82; 0.28; 0.33,motor; 6.07; 0.65; 0.36; 0.38,premotor cortex; 6.07; 0.71; 0.34; 0.42,observation; 5.5; 0.73; 0.28; 0.24,visually; 5.41; 0.73; 0.19; 0.24,imitation; 5.37; 0.81; 0.1; 0.03,execution; 5.19; 0.72; 0.31; 0.39,movements; 4.97; 0.68; 0.34; 0.36,parietal; 4.83; 0.61; 0.35; 0.46
Right Thalamus; Right Mammillary Body; Right Medial Dorsal Nucleus; Right Red Nucleus; Right Subthalamic Nucleus; Right Ventral Lateral Nucleus; Right Ventral Posterior Medial Nucleus; Right Ventral Posterior Lateral Nucleus,Right Thalamus; Right Mammillary Body; Right Red Nucleus; Right Subthalamic Nucleus; Right Medial Dorsal Nucleus; Right Ventral Posterior Medial Nucleus; Right Substantia Nigra; Right Ventral Lateral Nucleus; Right Pulvinar,10,-20,-1,10,-19,-0,8,-17,0,8,-17,1,46,4.7195,thalamus; 9.87; 0.79; 0.41; 0.6,nucleus; 6.45; 0.75; 0.12; 0.32,ganglia; 5.38; 0.74; 0.31; 0.4,loop; 5.21; 0.84; 0.1; 0.12,basal ganglia; 5.08; 0.73; 0.31; 0.4,early stage; 4.92; 0.83; 0.07; 0.05,oral; 4.87; 0.83; 0.14; 0.09,brainstem; 4.8; 0.79; 0.14; 0.08,basal; 4.67; 0.71; 0.29; 0.39,sampling; 4.57; 0.83; 0.17; 0.12
Left  Middle Temporal Gyrus; Left  Brodmann area 37; Left  Brodmann area 19; Left  Inferior Temporal Gyrus; Left  Superior Temporal Gyrus; Left  Brodmann area 39; Left  Middle Occipital Gyrus,Left  Middle Temporal Gyrus; Left  Parahippocampal Gyrus; Left  Brodmann area 19; Left  Brodmann area 37,-43,-50,-3,-42,-48,-0,-48,-58,1,-47,-56,4,36,3.3972,word; 6.83; 0.77; 0.28; 0.53,fusiform; 6.43; 0.76; 0.28; 0.4,fusiform gyrus; 6.16; 0.78; 0.28; 0.38,inferior frontal; 5.9; 0.72; 0.13; 0.38,characters; 5.33; 0.86; 0.27; 0.39,pairs; 5.0; 0.78; 0.12; 0.13,visual word; 4.64; 0.83; 0.29; 0.46,inferior; 4.55; 0.67; 0.18; 0.38,posterior temporal; 4.5; 0.83; 0.11; 0.23,sentence; 4.11; 0.76; 0.0; 0.27
Left  Inferior Parietal Lobule; Left  Brodmann area 40; Left  Supramarginal Gyrus,Left  Cingulate Gyrus; Left  Precuneus; Left  Brodmann area 31,-25,-40,36,-25,-37,35,-32,-42,37,-31,-39,36,35,3.7729,speaking; 4.9; 0.91; 0.02; -0.03,stroop task; 4.89; 0.89; 0.03; -0.01,visuomotor; 4.58; 0.88; 0.16; 0.15,intraparietal; 4.08; 0.8; 0.41; 0.51,intraparietal sulcus; 4.03; 0.81; 0.39; 0.5,clips; 3.82; 0.87; 0.08; 0.04,movement; 3.42; 0.77; 0.12; 0.17,parietal; 3.27; 0.71; 0.42; 0.51,aberrant; 0.0; 0.0; -0.02; -0.01,abilities; 0.0; 0.5; -0.01; -0.01
Right Cingulate Gyrus; Right Brodmann area 24; Left  Cingulate Gyrus; Left  Brodmann area 24,Right Cingulate Gyrus; Right Brodmann area 24; Left  Cingulate Gyrus; Left  Brodmann area 24; Right Brodmann area 23,4,-7,37,4,-5,35,3,-4,38,3,-2,35,30,4.1105,cingulate; 5.54; 0.71; 0.34; 0.33,motor performance; 4.77; 0.87; 0.08; 0.1,connectivity networks; 4.08; 0.84; -0.03; 0.06,noxious; 3.93; 0.83; 0.25; 0.15,sensorimotor cortex; 3.76; 0.79; 0.18; 0.21,somatosensory cortices; 3.52; 0.81; 0.29; 0.22,aberrant; 0.0; 0.54; -0.02; 0.0,abilities; 0.0; 0.59; -0.02; -0.02,ability; 0.0; 0.55; 0.0; 0.0,able; 0.0; 0.6; -0.01; -0.01
Left  Caudate; Left  Caudate Head; Left  Anterior Cingulate; Left  Putamen; Left  Lentiform Nucleus; Left  Caudate Body; Left  Nucleus Accumbens; Left  Brodmann area 25; Left  Brodmann area 24,Left  Caudate; Left  Caudate Head; Left  Anterior Cingulate; Left  Brodmann area 25; Left  Caudate Body; Left  Lentiform Nucleus; Left  Putamen; Left  Brodmann area 24; Left  Nucleus Accumbens,-7,13,1,-7,12,-0,-9,15,1,-9,14,0,28,3.9516,striatum; 14.93; 0.84; 0.44; 0.65,striatal; 11.38; 0.83; 0.44; 0.62,caudate; 9.91; 0.79; 0.46; 0.52,reward; 9.22; 0.77; 0.4; 0.58,nucleus; 9.14; 0.79; 0.42; 0.58,caudate nucleus; 8.83; 0.82; 0.42; 0.48,ventral striatum; 8.64; 0.81; 0.34; 0.51,incentive; 8.56; 0.86; 0.34; 0.51,monetary; 8.49; 0.82; 0.37; 0.56,options; 7.18; 0.87; 0.16; 0.16
Right Medial Frontal Gyrus; Right Brodmann area 8; Right Superior Frontal Gyrus; Right Brodmann area 6; Right Brodmann area 9; Left  Medial Frontal Gyrus; Left  Brodmann area 8,Right Medial Frontal Gyrus; Right Brodmann area 8; Right Brodmann area 6; Right Brodmann area 9; Right Superior Frontal Gyrus,7,38,43,7,39,38,6,37,45,6,38,40,28,3.7713,performance task; 4.45; 0.82; 0.01; 0.01,formed; 4.41; 0.84; 0.01; 0.0,skin conductance; 4.36; 0.83; -0.01; -0.02,conductance; 4.27; 0.83; -0.01; -0.02,skin; 4.01; 0.79; -0.03; -0.02,medial; 3.91; 0.65; 0.26; 0.28,prefrontal; 3.74; 0.63; 0.41; 0.41,aberrant; 0.0; 0.48; 0.02; 0.01,abilities; 0.0; 0.66; 0.0; -0.02,ability; 0.0; 0.51; 0.0; 0.0
Left  Inferior Parietal Lobule; Left  Postcentral Gyrus; Left  Brodmann area 2; Left  Brodmann area 40; Left  Brodmann area 3; Left  Precentral Gyrus; Left  Brodmann area 4; Left  Brodmann area 1,Left  Postcentral Gyrus; Left  Brodmann area 2; Left  Inferior Parietal Lobule; Left  Brodmann area 40; Left  Brodmann area 3; Left  Brodmann area 4; Left  Precentral Gyrus; Left  Brodmann area 1,-57,-21,30,-57,-19,29,-57,-24,30,-56,-22,29,25,3.6668,somatosensory; 11.36; 0.82; 0.48; 0.56,motor; 10.23; 0.76; 0.44; 0.52,tactile; 8.86; 0.85; 0.39; 0.48,touch; 8.41; 0.88; 0.32; 0.42,somatosensory cortex; 8.32; 0.82; 0.36; 0.47,premotor; 8.3; 0.76; 0.47; 0.52,movements; 7.79; 0.77; 0.37; 0.42,finger; 7.46; 0.8; 0.33; 0.46,pain; 7.16; 0.78; 0.39; 0.43,hand; 6.36; 0.73; 0.33; 0.44
Left  Precentral Gyrus; Left  Brodmann area 6; Left  Middle Frontal Gyrus; Left  Brodmann area 4,Left  Middle Frontal Gyrus; Left  Precentral Gyrus; Left  Brodmann area 6; Left  Superior Frontal Gyrus,-37,-8,63,-36,-5,58,-37,-10,60,-37,-7,56,25,3.3668,motor; 9.07; 0.77; 0.58; 0.63,hand; 7.94; 0.79; 0.5; 0.57,finger; 7.75; 0.83; 0.47; 0.59,movements; 7.74; 0.79; 0.52; 0.61,movement; 7.55; 0.79; 0.48; 0.54,limb; 6.54; 0.85; 0.28; 0.17,index finger; 6.41; 0.88; 0.3; 0.38,motor cortex; 6.33; 0.79; 0.52; 0.47,premotor; 6.2; 0.74; 0.57; 0.7,sensorimotor cortex; 6.04; 0.83; 0.45; 0.4
Left  Middle Frontal Gyrus; Left  Brodmann area 10; Left  Superior Frontal Gyrus; Left  Brodmann area 9; Left  Medial Frontal Gyrus,Left  Superior Frontal Gyrus; Left  Brodmann area 9; Left  Middle Frontal Gyrus; Left  Brodmann area 10,-31,41,30,-30,42,26,-29,43,29,-28,43,25,24,-3.8793,dorsolateral prefrontal; 5.42; 0.72; 0.24; 0.38,dorsolateral; 5.26; 0.71; 0.24; 0.39,stimulus response; 5.12; 0.83; 0.03; 0.04,executive; 4.67; 0.72; 0.15; 0.24,networks; 4.44; 0.67; -0.07; 0.17,classic; 4.38; 0.82; -0.02; 0.0,prefrontal; 4.3; 0.64; 0.06; 0.3,executive control; 4.18; 0.78; 0.04; 0.07,prefrontal cortex; 4.18; 0.64; 0.02; 0.22,aberrant; 0.0; 0.62; -0.04; 0.0
Right Middle Frontal Gyrus; Right Brodmann area 47; Right Inferior Frontal Gyrus; Right Brodmann area 11; Right Brodmann area 10,Right Middle Frontal Gyrus; Right Inferior Frontal Gyrus; Right Brodmann area 47; Right Brodmann area 11,39,37,-5,39,36,-6,41,38,-5,41,37,-6,23,3.5695,frontal cortices; 4.55; 0.84; 0.05; 0.06,classic; 4.43; 0.84; 0.01; -0.01,tend; 4.27; 0.85; -0.01; -0.02,stop; 4.2; 0.81; 0.08; 0.09,success; 4.13; 0.8; 0.08; 0.05,orbitofrontal; 4.08; 0.71; 0.1; 0.19,emotion; 3.95; 0.7; 0.03; 0.12,emotional information; 3.87; 0.83; 0.04; 0.04,aberrant; 0.0; 0.52; -0.01; 0.0,abilities; 0.0; 0.7; -0.01; -0.03
Right Postcentral Gyrus; Right Brodmann area 2; Right Brodmann area 1; Right Inferior Parietal Lobule; Right Brodmann area 3; Right Brodmann area 40; Right Precentral Gyrus; Right Brodmann area 4,Right Inferior Parietal Lobule; Right Brodmann area 40; Right Postcentral Gyrus; Right Brodmann area 2; Right Supramarginal Gyrus; Right Brodmann area 1,57,-34,42,56,-31,40,57,-29,42,56,-26,40,21,3.2998,inferior parietal; 5.27; 0.71; 0.3; 0.39,parietal; 4.89; 0.65; 0.35; 0.48,lobule ipl; 4.43; 0.82; 0.08; 0.07,rhythm; 4.4; 0.83; 0.02; 0.01,painful; 4.38; 0.78; 0.19; 0.23,imagined; 4.28; 0.79; 0.01; 0.04,somatosensory; 4.19; 0.7; 0.04; 0.26,force; 4.14; 0.82; 0.02; 0.15,visually; 4.07; 0.74; 0.01; 0.14,postcentral; 3.92; 0.75; -0.03; 0.08
Right Middle Occipital Gyrus; Right Middle Temporal Gyrus; Right Cuneus; Right Precuneus; Right Brodmann area 19; Right Brodmann area 31; Right Posterior Cingulate; Right Brodmann area 18,Right Middle Occipital Gyrus; Right Cuneus; Right Middle Temporal Gyrus; Right Precuneus; Right Posterior Cingulate; Right Brodmann area 31; Right Brodmann area 19; Right Brodmann area 18,31,-77,12,30,-74,14,31,-79,12,31,-76,15,19,3.5481,visual; 6.93; 0.73; 0.68; 0.68,interplay; 4.92; 0.84; 0.0; -0.01,occipito temporal; 4.77; 0.81; 0.29; 0.33,objects; 4.62; 0.73; 0.34; 0.39,occipito; 4.6; 0.8; 0.3; 0.33,relied; 4.35; 0.85; 0.01; -0.01,verbal working; 4.12; 0.82; -0.03; -0.01,dorsal attention; 4.05; 0.84; -0.01; 0.04,occipital; 4.05; 0.68; 0.62; 0.59,activations; 4.04; 0.68; 0.02; 0.03
Right Caudate; Right Caudate Body; Right Cingulate Gyrus; Right Ventral Lateral Nucleus; Right Thalamus; Right Lateral Dorsal Nucleus; Right Lateral Posterior Nucleus,Right Caudate; Right Caudate Body; Right Cingulate Gyrus; Right Ventral Lateral Nucleus; Right Thalamus; Right Anterior Nucleus,13,-12,24,13,-11,23,15,-16,25,15,-14,24,17,3.6971,
Right Posterior Cingulate; Right Brodmann area 31; Right Precuneus; Right Cingulate Gyrus; Right Brodmann area 23; Right Brodmann area 7; Right Brodmann area 30,Right Posterior Cingulate; Right Brodmann area 31; Right Precuneus; Right Cingulate Gyrus; Right Brodmann area 23; Right Brodmann area 7; Right Brodmann area 30,10,-60,22,10,-57,23,11,-59,23,11,-56,24,13,3.4559,alzheimer disease; 6.33; 0.82; 0.1; 0.07,alzheimer; 6.23; 0.82; 0.1; 0.06,episodic; 5.74; 0.77; 0.38; 0.37,cognitive impairment; 5.46; 0.81; 0.08; 0.06,posterior cingulate; 5.3; 0.73; 0.56; 0.54,mode; 4.97; 0.73; 0.44; 0.47,precuneus; 4.84; 0.72; 0.5; 0.44,autobiographical memory; 4.8; 0.85; 0.39; 0.36,disease; 4.68; 0.73; 0.01; -0.01,cortical networks; 4.67; 0.83; -0.01; 0.0
Left  Anterior Cingulate; Left  Brodmann area 32; Left  Medial Frontal Gyrus; Left  Brodmann area 10; Left  Brodmann area 24; Left  Brodmann area 11,Left  Medial Frontal Gyrus; Left  Anterior Cingulate; Left  Brodmann area 25; Left  Brodmann area 32; Left  Brodmann area 10; Left  Inferior Frontal Gyrus; Left  Rectal Gyrus; Left  Subcallosal Gyrus,-10,31,-12,-10,30,-12,-9,34,-6,-9,32,-7,12,3.669,autonomic; 5.46; 0.86; 0.03; 0.09,rostral anterior; 5.38; 0.86; 0.1; 0.18,vmpfc; 5.37; 0.84; 0.4; 0.44,medial orbitofrontal; 5.3; 0.86; 0.39; 0.23,reactions; 5.19; 0.87; 0.02; 0.0,orbitofrontal cortex; 5.18; 0.76; 0.44; 0.32,arousal; 4.83; 0.8; 0.17; 0.2,ventral medial; 4.77; 0.87; 0.25; 0.3,orbitofrontal; 4.66; 0.74; 0.45; 0.32,drive; 4.47; 0.86; 0.03; 0.0
Unknown Region,Unknown Region,1,-33,-40,1,-34,-32,-0,-33,-41,-0,-34,-33,11,3.829,brainstem; 16.39; 0.96; 0.53; 0.15,autonomic; 6.86; 0.92; 0.19; 0.09,nuclei; 6.77; 0.91; 0.4; 0.03,vermis; 6.22; 0.92; 0.3; 0.05,cerebellar; 5.81; 0.86; 0.33; 0.1,regulating; 5.75; 0.91; 0.13; 0.0,pain; 5.65; 0.85; 0.15; 0.25,cerebellum; 5.53; 0.82; 0.32; 0.17,conditioning; 5.32; 0.89; 0.1; 0.03,modulatory; 5.04; 0.9; 0.11; 0.04
Left  Middle Occipital Gyrus; Left  Brodmann area 19; Left  Fusiform Gyrus; Left  Inferior Occipital Gyrus; Left  Brodmann area 37; Left  Declive; Left  Lingual Gyrus,Left  Fusiform Gyrus; Left  Brodmann area 19; Left  Declive; Left  Middle Occipital Gyrus; Left  Brodmann area 37; Left  Inferior Occipital Gyrus; Left  Lingual Gyrus,-40,-67,-18,-39,-66,-12,-40,-68,-15,-40,-67,-9,11,3.4077,fusiform; 7.36; 0.74; 0.47; 0.58,visual; 6.69; 0.68; 0.68; 0.59,occipito temporal; 6.57; 0.82; 0.4; 0.49,reading; 6.38; 0.75; 0.16; 0.39,visual word; 5.96; 0.83; 0.2; 0.4,occipito; 5.49; 0.79; 0.4; 0.5,face; 5.28; 0.7; 0.36; 0.44,word; 5.17; 0.69; 0.06; 0.34,temporal cortex; 5.15; 0.72; 0.1; 0.2,words; 4.97; 0.69; 0.06; 0.31
Left  Parahippocampal Gyrus; Left  Brodmann area 30; Left  Posterior Cingulate,Left  Posterior Cingulate; Left  Brodmann area 30; Left  Parahippocampal Gyrus,-22,-50,10,-22,-48,12,-23,-48,8,-23,-46,10,11,4.383,phases; 6.42; 0.89; 0.09; 0.01,tensor dti; 5.12; 0.9; 0.1; -0.05,generated; 5.1; 0.84; 0.18; 0.0,processes underlying; 4.72; 0.89; 0.05; 0.0,callosum; 4.55; 0.88; 0.08; -0.05,corpus callosum; 4.55; 0.88; 0.08; -0.05,fractional anisotropy; 4.51; 0.86; 0.09; -0.06,dti; 4.49; 0.88; 0.09; -0.04,anisotropy; 4.38; 0.86; 0.08; -0.06,corpus; 4.36; 0.87; 0.09; -0.05
Left  Anterior Cingulate; Left  Brodmann area 24; Left  Brodmann area 32; Right Anterior Cingulate; Right Brodmann area 24; Left  Cingulate Gyrus; Left  Brodmann area 33; Right Cingulate Gyrus; Right Brodmann area 32,Left  Anterior Cingulate; Left  Brodmann area 24; Left  Brodmann area 32; Right Anterior Cingulate; Left  Cingulate Gyrus; Right Brodmann area 24; Right Brodmann area 32,-4,30,24,-4,30,20,-2,27,24,-2,27,20,11,3.2456,anterior cingulate; 11.37; 0.78; 0.54; 0.53,cingulate; 10.3; 0.76; 0.53; 0.49,anterior; 8.46; 0.72; 0.53; 0.54,cingulate cortex; 7.97; 0.73; 0.48; 0.49,insula anterior; 7.65; 0.85; 0.3; 0.34,acc; 7.0; 0.77; 0.48; 0.51,cortex acc; 5.11; 0.74; 0.43; 0.47,distraction; 5.08; 0.83; 0.01; 0.01,insula; 5.04; 0.67; 0.37; 0.37,anterior insula; 4.9; 0.71; 0.4; 0.41
Left  Superior Frontal Gyrus; Left  Middle Frontal Gyrus; Left  Brodmann area 6; Left  Precentral Gyrus,Left  Superior Frontal Gyrus; Left  Brodmann area 6; Left  Middle Frontal Gyrus; Left  Precentral Gyrus,-25,-8,69,-25,-5,64,-24,-8,68,-23,-4,63,11,3.4999,dorsal premotor; 8.95; 0.89; 0.46; 0.58,premotor; 8.41; 0.82; 0.6; 0.67,superior parietal; 8.24; 0.84; 0.39; 0.45,movement; 7.85; 0.83; 0.43; 0.49,motor; 7.6; 0.78; 0.55; 0.57,action; 6.56; 0.79; 0.38; 0.46,movements; 6.52; 0.8; 0.54; 0.6,transcranial magnetic; 5.96; 0.86; 0.16; 0.16,premotor cortex; 5.94; 0.79; 0.49; 0.59,supplementary motor; 5.93; 0.78; 0.38; 0.44
Right Precentral Gyrus; Right Brodmann area 6; Right Inferior Frontal Gyrus; Right Brodmann area 9; Right Middle Frontal Gyrus,Right Precentral Gyrus; Right Brodmann area 6; Right Inferior Frontal Gyrus; Right Brodmann area 9; Right Middle Frontal Gyrus,48,-1,35,48,1,32,45,-2,36,45,-0,33,10,3.4086,premotor; 6.11; 0.73; 0.42; 0.44,saccade; 5.84; 0.86; 0.17; 0.19,execution; 5.65; 0.77; 0.28; 0.33,motor; 5.19; 0.67; 0.39; 0.39,premotor cortex; 5.06; 0.73; 0.35; 0.41,eye; 4.99; 0.75; 0.23; 0.27,cortical involved; 4.91; 0.84; 0.02; 0.0,frontal eye; 4.9; 0.8; 0.2; 0.24,engaging; 4.8; 0.84; -0.01; -0.01,saccades; 4.8; 0.84; 0.17; 0.21
Right Superior Frontal Gyrus; Right Brodmann area 6; Right Brodmann area 8; Right Middle Frontal Gyrus,Right Superior Frontal Gyrus; Right Brodmann area 6; Right Brodmann area 8; Right Middle Frontal Gyrus,19,28,61,19,30,55,19,28,59,19,30,53,10,3.7036,regulating; 9.15; 0.95; 0.02; 0.01,negative affect; 7.84; 0.95; 0.04; 0.0,induces; 5.8; 0.93; 0.0; -0.02,delineate; 4.13; 0.92; -0.01; -0.02,enhancing; 4.04; 0.91; -0.01; -0.02,heart; 3.92; 0.91; 0.01; -0.02,brainstem; 3.79; 0.88; 0.0; -0.06,aberrant; 0.0; 0.0; 0.03; 0.01,abilities; 0.0; 0.74; 0.01; -0.01,ability; 0.0; 0.42; 0.0; 0.0
Right Middle Frontal Gyrus; Right Brodmann area 6; Right Medial Frontal Gyrus; Right Superior Frontal Gyrus; Right Cingulate Gyrus; Right Brodmann area 8; Right Brodmann area 32; Right Brodmann area 24,Right Middle Frontal Gyrus; Right Cingulate Gyrus; Right Medial Frontal Gyrus; Right Superior Frontal Gyrus; Right Brodmann area 6; Right Brodmann area 32; Right Brodmann area 8,25,5,41,25,7,38,26,5,44,26,7,40,8,3.3498,collectively; 5.6; 0.89; 0.04; 0.0,frontal eye; 5.59; 0.86; 0.28; 0.34,favor; 5.54; 0.89; 0.13; 0.06,demands; 5.29; 0.78; 0.17; 0.29,fixation; 5.16; 0.85; 0.11; 0.07,working memory; 5.04; 0.75; 0.3; 0.48,working; 4.88; 0.74; 0.29; 0.47,visuospatial; 4.46; 0.8; 0.2; 0.25,orienting; 4.37; 0.84; 0.19; 0.17,valid; 4.33; 0.85; 0.06; 0.05
Right Medial Frontal Gyrus; Right Brodmann area 8; Right Cingulate Gyrus; Right Superior Frontal Gyrus; Right Brodmann area 32; Left  Medial Frontal Gyrus; Left  Superior Frontal Gyrus; Left  Brodmann area 8; Left  Cingulate Gyrus,Right Medial Frontal Gyrus; Right Brodmann area 8; Right Superior Frontal Gyrus; Left  Superior Frontal Gyrus; Left  Medial Frontal Gyrus; Right Cingulate Gyrus; Left  Brodmann area 8; Right Brodmann area 32; Left  Cingulate Gyrus,4,25,52,4,27,46,5,24,50,5,25,45,8,3.1561,supplementary motor; 4.82; 0.69; -0.02; 0.06,uncertainty; 4.78; 0.79; 0.1; 0.1,supplementary; 4.11; 0.66; -0.02; 0.07,matrix; 3.83; 0.79; 0.02; 0.0,painful; 3.74; 0.73; 0.03; 0.06,anterior insula; 3.72; 0.67; 0.2; 0.27,frontal; 3.61; 0.6; 0.28; 0.4,cingulate; 3.32; 0.59; 0.08; 0.08,aberrant; 0.0; 0.56; -0.02; -0.01,abilities; 0.0; 0.51; 0.0; -0.02
Unknown Region,Unknown Region,4,-25,-22,4,-25,-18,2,-22,-22,2,-22,-18,7,3.2191,brainstem; 13.57; 0.94; 0.42; 0.16,midbrain; 9.84; 0.91; 0.39; 0.47,periaqueductal; 8.94; 0.93; 0.29; 0.31,cycle; 6.17; 0.91; 0.2; 0.06,pain; 5.99; 0.82; 0.12; 0.25,modulatory; 5.48; 0.88; 0.12; 0.04,noxious; 5.14; 0.88; 0.1; 0.11,hypothalamus; 4.82; 0.87; 0.18; 0.21,spinal; 4.79; 0.89; 0.16; 0.0,dopaminergic; 4.7; 0.84; 0.19; 0.37
Left  Middle Occipital Gyrus; Left  Cuneus; Left  Brodmann area 19; Left  Brodmann area 18; Left  Lingual Gyrus,Left  Middle Occipital Gyrus; Left  Cuneus; Left  Posterior Cingulate; Left  Lingual Gyrus; Left  Brodmann area 30,-28,-77,5,-28,-74,8,-29,-80,5,-29,-78,8,7,3.2402,ventrolateral prefrontal; 4.79; 0.82; -0.03; 0.02,connectivity amygdala; 4.64; 0.88; 0.02; -0.03,task irrelevant; 4.61; 0.86; 0.13; 0.06,easy; 4.55; 0.88; 0.09; 0.0,visuospatial; 4.55; 0.82; 0.14; 0.16,ventrolateral; 4.48; 0.79; -0.05; 0.02,striking; 4.34; 0.87; 0.0; -0.01,occipital; 3.5; 0.7; 0.57; 0.55,aberrant; 0.0; 0.0; -0.01; 0.0,abilities; 0.0; 0.52; -0.01; -0.02
Right Postcentral Gyrus; Right Brodmann area 2; Right Brodmann area 3; Right Precentral Gyrus; Right Inferior Parietal Lobule; Right Brodmann area 4; Right Brodmann area 40; Right Brodmann area 1,Right Postcentral Gyrus; Right Brodmann area 3; Right Precentral Gyrus; Right Brodmann area 4; Right Brodmann area 2; Right Inferior Parietal Lobule; Right Brodmann area 40; Right Brodmann area 1,57,-18,27,56,-16,26,57,-19,29,56,-17,28,7,3.2444,somatosensory; 9.58; 0.82; 0.47; 0.59,primary somatosensory; 9.19; 0.87; 0.32; 0.4,tactile; 8.32; 0.85; 0.39; 0.5,somatosensory cortex; 8.16; 0.83; 0.35; 0.48,secondary somatosensory; 8.0; 0.86; 0.35; 0.51,motor; 7.68; 0.74; 0.43; 0.49,premotor; 7.18; 0.76; 0.47; 0.47,somatosensory cortices; 7.15; 0.87; 0.35; 0.48,secondary; 7.12; 0.81; 0.33; 0.52,supplementary; 7.12; 0.77; 0.28; 0.37
Right Middle Frontal Gyrus; Right Brodmann area 9; Right Brodmann area 6; Right Precentral Gyrus; Right Brodmann area 8; Right Inferior Frontal Gyrus,Right Middle Frontal Gyrus; Right Precentral Gyrus; Right Brodmann area 9; Right Inferior Frontal Gyrus; Right Brodmann area 6; Right Brodmann area 8,54,5,38,54,7,35,51,4,40,50,6,37,7,3.5818,motor; 8.74; 0.71; 0.33; 0.41,premotor; 8.69; 0.74; 0.4; 0.49,movements; 6.73; 0.73; 0.3; 0.37,produced; 6.17; 0.75; 0.04; 0.04,observation; 6.02; 0.75; 0.25; 0.24,visually; 5.26; 0.74; 0.17; 0.23,cortex parietal; 5.16; 0.81; 0.04; 0.04,eye; 5.13; 0.72; 0.26; 0.29,eye movements; 5.03; 0.79; 0.24; 0.25,m1; 4.97; 0.78; 0.06; 0.13
Left  Fusiform Gyrus; Left  Parahippocampal Gyrus; Left  Brodmann area 19; Left  Brodmann area 37; Left  Brodmann area 20,Left  Parahippocampal Gyrus; Left  Fusiform Gyrus; Left  Brodmann area 19; Left  Brodmann area 37,-40,-44,-10,-39,-43,-6,-38,-43,-11,-38,-43,-7,6,3.3187,visual word; 8.99; 0.91; 0.37; 0.49,fusiform; 8.72; 0.82; 0.42; 0.56,fusiform gyrus; 8.54; 0.84; 0.41; 0.52,words; 7.52; 0.8; 0.3; 0.47,word recognition; 7.48; 0.9; 0.22; 0.29,pseudowords; 7.26; 0.91; 0.19; 0.22,written; 6.23; 0.87; 0.27; 0.38,inferior temporal; 5.42; 0.81; 0.29; 0.34,lexical; 5.35; 0.81; 0.24; 0.37,orthographic; 5.28; 0.86; 0.34; 0.45
Right Middle Frontal Gyrus; Right Inferior Frontal Gyrus; Right Brodmann area 47; Right Brodmann area 11,Right Middle Frontal Gyrus; Right Inferior Frontal Gyrus; Right Brodmann area 47; Right Brodmann area 11,28,34,-5,28,33,-6,28,34,-5,28,33,-6,6,3.2908,details; 6.51; 0.9; 0.11; 0.08,aberrant; 0.0; 0.0; 0.01; -0.01,abilities; 0.0; 0.33; -0.01; -0.02,ability; 0.0; 0.51; 0.0; 0.0,able; 0.0; 0.55; 0.01; -0.01,abnormal; 0.0; 0.62; 0.0; -0.01,abnormalities; 0.0; 0.51; 0.01; -0.01,abnormality; 0.0; 0.61; 0.01; -0.03,absence; 0.0; 0.58; 0.0; -0.02,absent; 0.0; 0.49; 0.01; 0.01
Left  Cingulate Gyrus; Left  Brodmann area 31; Left  Brodmann area 23; Left  Posterior Cingulate,Left  Cingulate Gyrus; Left  Brodmann area 31; Left  Brodmann area 23; Left  Posterior Cingulate,-7,-34,33,-7,-31,32,-8,-34,33,-8,-31,32,6,3.2047,posterior cingulate; 6.17; 0.77; 0.5; 0.46,cingulate; 5.47; 0.71; 0.29; 0.33,memory processes; 4.75; 0.85; 0.01; -0.01,recruits; 4.63; 0.85; 0.03; 0.01,reorganization; 4.38; 0.81; -0.02; -0.03,emotional information; 4.27; 0.85; 0.03; -0.01,cortex lateral; 4.19; 0.84; 0.01; 0.02,episodic; 4.19; 0.75; 0.32; 0.26,cingulate cortex; 3.6; 0.67; 0.19; 0.24,memories; 3.57; 0.77; 0.22; 0.18
Right Middle Frontal Gyrus; Right Brodmann area 8; Right Superior Frontal Gyrus; Right Brodmann area 9,Right Middle Frontal Gyrus; Right Brodmann area 8; Right Superior Frontal Gyrus; Right Brodmann area 9,25,35,43,25,36,38,26,35,44,26,36,38,6,-3.1819,default; 5.64; 0.75; 0.47; 0.4,younger adults; 5.11; 0.85; 0.04; 0.02,default mode; 5.07; 0.74; 0.44; 0.36,mode; 5.03; 0.74; 0.42; 0.36,young adults; 5.02; 0.78; 0.04; 0.01,young; 4.86; 0.73; 0.04; 0.04,patterns; 4.72; 0.68; 0.02; 0.05,younger; 4.59; 0.8; 0.06; 0.04,dorsolateral prefrontal; 4.27; 0.7; 0.05; 0.15,default network; 3.9; 0.81; 0.3; 0.25
Left  Inferior Parietal Lobule; Left  Brodmann area 40; Left  Postcentral Gyrus; Left  Brodmann area 2; Left  Brodmann area 1,Left  Inferior Parietal Lobule; Left  Brodmann area 40; Left  Postcentral Gyrus; Left  Brodmann area 2,-48,-38,55,-48,-34,52,-47,-36,56,-47,-32,53,6,3.1699,parietal; 6.71; 0.68; 0.49; 0.57,intraparietal sulcus; 6.64; 0.76; 0.42; 0.46,finger; 6.06; 0.77; 0.33; 0.45,intraparietal; 6.04; 0.73; 0.44; 0.48,parietal cortex; 5.79; 0.71; 0.38; 0.46,finger tapping; 5.42; 0.85; 0.14; 0.25,primary motor; 5.21; 0.76; 0.24; 0.28,general linear; 5.19; 0.82; 0.02; 0.02,motor; 4.89; 0.65; 0.36; 0.45,motor imagery; 4.87; 0.82; 0.28; 0.33
Left  Thalamus; Left  Subthalamic Nucleus; Left  Lentiform Nucleus; Left  Medial Globus Pallidus; Left  Hypothalamus; Left  Ventral Lateral Nucleus; Left  Ventral Anterior Nucleus; Left  Substantia Nigra,Left  Thalamus; Left  Subthalamic Nucleus; Left  Hypothalamus; Left  Lentiform Nucleus; Left  Medial Globus Pallidus; Left  Ventral Anterior Nucleus; Left  Ventral Lateral Nucleus; Left  Substantia Nigra,-10,-8,-4,-10,-8,-3,-12,-8,-3,-11,-8,-2,5,3.4696,hypothalamus; 9.06; 0.89; 0.17; 0.23,thalamus; 7.81; 0.78; 0.46; 0.52,substantia; 7.77; 0.9; 0.26; 0.33,nucleus; 6.15; 0.76; 0.3; 0.39,basal; 5.65; 0.76; 0.39; 0.45,nuclei; 5.65; 0.83; 0.22; 0.05,basal ganglia; 5.62; 0.77; 0.39; 0.45,amygdala; 5.6; 0.71; 0.06; 0.19,ganglia; 5.6; 0.76; 0.39; 0.45,midbrain; 5.36; 0.81; 0.3; 0.3
Left  Claustrum; Left  Lentiform Nucleus; Left  Putamen; Left  Insula; Left  Caudate Tail; Left  Caudate; Left  Lateral Globus Pallidus,Left  Claustrum; Left  Lentiform Nucleus; Left  Putamen; Left  Insula; Left  Caudate Tail; Left  Lateral Globus Pallidus,-34,-11,-1,-33,-11,-0,-33,-11,-2,-33,-11,-1,5,3.6704,putamen; 7.98; 0.81; 0.34; 0.38,experienced; 6.19; 0.82; 0.01; 0.01,insula; 6.14; 0.72; 0.27; 0.43,index finger; 5.63; 0.87; 0.11; 0.14,basal; 5.1; 0.75; 0.32; 0.37,basal ganglia; 4.98; 0.76; 0.33; 0.37,ganglia; 4.96; 0.76; 0.33; 0.37,sensorimotor cortex; 4.93; 0.81; 0.15; 0.21,structures involved; 4.78; 0.85; -0.01; -0.01,structures; 4.56; 0.71; -0.01; 0.05
Left  Inferior Frontal Gyrus; Left  Brodmann area 9; Left  Precentral Gyrus; Left  Brodmann area 6; Left  Brodmann area 44; Left  Brodmann area 45,Left  Inferior Frontal Gyrus; Left  Brodmann area 44; Left  Brodmann area 9; Left  Precentral Gyrus; Left  Brodmann area 45; Left  Brodmann area 6,-54,6,25,-54,7,23,-55,3,28,-55,4,25,5,3.1905,premotor; 11.19; 0.76; 0.47; 0.45,ventral premotor; 8.85; 0.82; 0.35; 0.36,premotor cortex; 8.52; 0.75; 0.36; 0.38,movements; 7.68; 0.73; 0.35; 0.3,motor; 7.58; 0.67; 0.39; 0.34,phonological; 6.82; 0.75; 0.28; 0.47,actions; 6.66; 0.72; 0.28; 0.23,execution; 6.28; 0.73; 0.32; 0.34,parietal; 5.71; 0.62; 0.38; 0.41,sensorimotor; 5.65; 0.69; 0.25; 0.2
Left  Inferior Parietal Lobule; Left  Brodmann area 40; Left  Postcentral Gyrus; Left  Brodmann area 2; Left  Supramarginal Gyrus,Left  Inferior Parietal Lobule; Left  Brodmann area 40; Left  Supramarginal Gyrus; Left  Postcentral Gyrus; Left  Brodmann area 2,-45,-37,42,-45,-34,40,-46,-36,43,-46,-33,42,5,3.0611,parietal; 10.86; 0.71; 0.53; 0.62,intraparietal; 8.82; 0.74; 0.46; 0.52,intraparietal sulcus; 8.51; 0.75; 0.45; 0.5,anterior intraparietal; 8.49; 0.85; 0.3; 0.34,inferior parietal; 6.78; 0.68; 0.32; 0.39,ventral premotor; 6.7; 0.78; 0.23; 0.28,premotor; 6.59; 0.68; 0.29; 0.45,parietal cortex; 6.53; 0.68; 0.42; 0.49,arithmetic; 6.5; 0.81; 0.18; 0.19,tasks; 5.96; 0.64; 0.41; 0.5
Left  Pyramis; Left  Uvula; Left  Nodule; Left  Tuber of Vermis; Left  Declive; Left  Pyramis of Vermis; Left  Declive of Vermis; Left  Fastigium; Left  Uvula of Vermis,Left  Pyramis; Left  Uvula; Left  Nodule; Left  Declive; Left  Tuber of Vermis; Left  Pyramis of Vermis; Left  Declive of Vermis; Left  Fastigium; Left  Culmen,-7,-66,-35,-7,-66,-26,-7,-68,-35,-7,-67,-26,4,3.3195,cerebellar; 9.66; 0.91; 0.54; 0.2,vermis; 8.09; 0.94; 0.41; 0.11,nuclei; 5.63; 0.9; 0.38; -0.02,classical; 5.3; 0.89; 0.1; -0.02,vi; 5.23; 0.92; 0.47; 0.13,cerebellum; 5.19; 0.81; 0.52; 0.26,crus; 5.07; 0.92; 0.4; 0.08,heart; 4.97; 0.91; 0.09; -0.01,serves; 4.75; 0.91; 0.03; -0.02,oral; 4.66; 0.9; 0.05; 0.0
Left  Mammillary Body; Left  Substantia Nigra; Left  Hypothalamus; Left  Subthalamic Nucleus; Right Mammillary Body; Left  Red Nucleus,Left  Mammillary Body; Left  Substantia Nigra; Left  Subthalamic Nucleus; Right Mammillary Body; Left  Hypothalamus; Left  Red Nucleus,-4,-11,-11,-4,-11,-9,-4,-10,-11,-4,-10,-9,4,3.7166,midbrain; 10.2; 0.9; 0.36; 0.51,substantia; 7.55; 0.91; 0.33; 0.55,reward; 6.83; 0.79; 0.29; 0.44,hypothalamus; 6.76; 0.89; 0.26; 0.35,periaqueductal; 6.22; 0.9; 0.24; 0.23,striatum; 5.38; 0.76; 0.26; 0.43,reinforcement; 5.29; 0.86; 0.09; 0.17,treated; 5.14; 0.86; 0.03; 0.01,unpleasant; 5.08; 0.85; 0.12; 0.25,dopaminergic; 5.07; 0.83; 0.22; 0.39
Right Lingual Gyrus; Right Brodmann area 19; Right Parahippocampal Gyrus; Right Brodmann area 18; Right Fusiform Gyrus; Right Culmen; Right Middle Occipital Gyrus; Right Posterior Cingulate,Right Lingual Gyrus; Right Brodmann area 18; Right Brodmann area 30; Right Brodmann area 19; Right Parahippocampal Gyrus; Right Middle Occipital Gyrus; Right Posterior Cingulate; Right Fusiform Gyrus,25,-56,-3,25,-54,-0,23,-56,-4,23,-55,-1,4,3.229,deactivated; 4.75; 0.85; -0.04; -0.02,scenes; 4.67; 0.8; 0.18; 0.29,scene; 4.53; 0.82; 0.19; 0.26,lingual; 4.34; 0.79; 0.32; 0.27,parahippocampal; 4.19; 0.73; 0.14; 0.27,neocortical; 4.12; 0.84; -0.01; 0.04,visual; 3.92; 0.65; 0.58; 0.48,engaged; 3.88; 0.71; 0.01; 0.09,aberrant; 0.0; 0.68; -0.02; 0.0,abilities; 0.0; 0.61; -0.02; -0.02
Right Parahippocampal Gyrus; Right Brodmann area 27; Right Thalamus; Right Pulvinar; Right Brodmann area 30; Right Lingual Gyrus; Right Culmen,Right Parahippocampal Gyrus; Right Brodmann area 27; Right Thalamus; Right Pulvinar; Right Brodmann area 30; Right Culmen,13,-35,1,13,-34,3,15,-36,0,15,-35,2,4,2.9345,episodic memory; 8.66; 0.87; 0.36; 0.3,episodic; 7.99; 0.84; 0.35; 0.31,hippocampus; 7.72; 0.81; 0.49; 0.39,parahippocampal; 5.84; 0.79; 0.43; 0.36,hippocampal; 5.8; 0.8; 0.42; 0.35,group healthy; 5.38; 0.89; -0.02; -0.04,mild cognitive; 5.12; 0.85; 0.11; 0.06,amygdala hippocampus; 4.6; 0.85; 0.27; 0.21,virtual; 4.56; 0.83; 0.16; 0.17,cognitive impairment; 4.39; 0.81; 0.08; 0.04
Right Anterior Cingulate; Right Brodmann area 32; Right Cingulate Gyrus,Right Anterior Cingulate; Right Brodmann area 32; Right Cingulate Gyrus; Right Medial Frontal Gyrus; Right Brodmann area 9; Right Brodmann area 24,16,27,23,16,27,20,18,27,22,17,27,19,4,3.0658,cingulate; 5.28; 0.7; 0.49; 0.39,mean age; 4.9; 0.83; 0.04; 0.03,cingulate cortex; 4.8; 0.7; 0.42; 0.4,anterior; 4.79; 0.68; 0.46; 0.46,thought; 4.6; 0.75; 0.06; 0.02,anterior cingulate; 4.45; 0.69; 0.49; 0.46,adolescence; 4.42; 0.81; 0.01; 0.0,mpfc; 3.98; 0.77; 0.17; 0.07,fractional anisotropy; 3.97; 0.8; 0.02; -0.04,anisotropy; 3.83; 0.8; 0.02; -0.04
Right Cingulate Gyrus; Right Brodmann area 24; Right Brodmann area 31; Right Paracentral Lobule; Right Brodmann area 23,Right Cingulate Gyrus; Right Brodmann area 24; Right Brodmann area 31; Right Brodmann area 23; Right Paracentral Lobule,10,-22,40,10,-19,38,10,-22,40,10,-19,38,4,3.4208,posterior insula; 4.72; 0.84; 0.23; 0.15,aberrant; 0.0; 0.58; -0.03; 0.0,abilities; 0.0; 0.55; -0.01; -0.02,ability; 0.0; 0.43; 0.0; 0.0,able; 0.0; 0.5; -0.01; -0.02,abnormal; 0.0; 0.52; 0.0; -0.01,abnormalities; 0.0; 0.51; -0.01; -0.01,abnormality; 0.0; 0.79; 0.0; -0.03,absence; 0.0; 0.3; 0.0; -0.02,absent; 0.0; 0.71; 0.0; -0.01
Left  Precuneus; Left  Brodmann area 7; Left  Paracentral Lobule; Left  Brodmann area 5; Left  Superior Parietal Lobule; Left  Inferior Parietal Lobule,Left  Precuneus; Left  Brodmann area 7; Left  Paracentral Lobule; Left  Superior Parietal Lobule; Left  Brodmann area 5; Left  Inferior Parietal Lobule; Left  Cingulate Gyrus; Left  Brodmann area 31,-22,-49,45,-22,-46,43,-23,-48,46,-22,-45,45,4,3.0094,sulci; 5.77; 0.87; 0.17; 0.15,intraparietal; 5.24; 0.74; 0.51; 0.56,orthographic; 5.03; 0.83; 0.18; 0.25,parietal; 4.73; 0.66; 0.47; 0.56,correspond; 4.45; 0.84; 0.08; 0.01,ips; 4.28; 0.78; 0.39; 0.45,intraparietal sulcus; 4.05; 0.72; 0.48; 0.54,visual; 3.66; 0.63; 0.46; 0.38,parietal cortex; 3.61; 0.67; 0.38; 0.46,task; 3.49; 0.62; 0.26; 0.51
Right Superior Frontal Gyrus; Right Brodmann area 6; Right Brodmann area 8; Left  Superior Frontal Gyrus; Left  Brodmann area 6; Left  Brodmann area 8,Right Superior Frontal Gyrus; Left  Superior Frontal Gyrus; Right Brodmann area 6; Left  Brodmann area 6; Right Brodmann area 8; Left  Brodmann area 8,1,19,64,1,21,58,4,20,63,4,22,56,4,3.4596,supplementary; 5.52; 0.77; 0.03; 0.16,eye movement; 5.31; 0.88; -0.03; 0.0,eye fields; 5.07; 0.86; -0.06; 0.1,supplementary motor; 4.91; 0.76; 0.04; 0.16,isolate; 4.85; 0.87; 0.01; -0.01,questionnaire; 4.81; 0.85; 0.05; 0.01,prefrontal parietal; 4.56; 0.83; 0.05; 0.12,game; 4.54; 0.83; 0.05; 0.02,nucleus; 3.55; 0.72; 0.07; 0.03,aberrant; 0.0; 0.41; 0.0; 0.0
Left  Cerebellar Tonsil,Left  Cerebellar Tonsil,-22,-42,-44,-22,-43,-35,-22,-42,-44,-22,-43,-35,3,3.0201,eye movements; 7.19; 0.93; 0.0; 0.07,deactivated; 6.51; 0.93; 0.08; -0.02,nuclei; 5.99; 0.91; 0.43; 0.0,eyes; 5.96; 0.91; 0.05; 0.0,brainstem; 5.8; 0.9; 0.26; -0.01,cerebellum; 5.65; 0.83; 0.49; 0.3,cerebellar; 5.63; 0.86; 0.55; 0.22,complete; 5.26; 0.9; 0.06; -0.02,cortical motor; 5.22; 0.92; -0.05; 0.09,balance; 4.95; 0.91; 0.06; 0.0
Right Fusiform Gyrus; Right Parahippocampal Gyrus; Right Culmen; Right Brodmann area 36; Right Brodmann area 20; Right Brodmann area 37; Right Brodmann area 35,Right Fusiform Gyrus; Right Culmen; Right Parahippocampal Gyrus; Right Brodmann area 20; Right Brodmann area 36; Right Brodmann area 35; Right Brodmann area 37,28,-34,-23,28,-34,-18,27,-34,-21,27,-34,-16,3,3.1886,parahippocampal cortex; 8.51; 0.92; 0.35; 0.43,semantic memory; 6.2; 0.87; 0.21; 0.25,parahippocampal; 6.1; 0.8; 0.41; 0.49,whilst; 5.36; 0.87; 0.04; 0.0,autobiographical; 5.14; 0.85; 0.18; 0.31,medial temporal; 5.04; 0.78; 0.36; 0.41,episodic; 4.95; 0.78; 0.25; 0.4,autobiographical memory; 4.94; 0.87; 0.19; 0.3,lateral occipital; 4.8; 0.82; 0.24; 0.13,fusiform; 4.67; 0.73; 0.38; 0.29
Left  Fusiform Gyrus; Left  Brodmann area 37,Left  Fusiform Gyrus; Left  Brodmann area 37; Left  Declive; Left  Parahippocampal Gyrus; Left  Culmen,-40,-55,-14,-39,-54,-9,-42,-55,-13,-41,-54,-8,3,2.9483,fusiform; 14.11; 0.81; 0.51; 0.64,visual word; 12.37; 0.89; 0.36; 0.5,word form; 11.92; 0.89; 0.35; 0.48,orthographic; 10.1; 0.87; 0.34; 0.5,characters; 9.73; 0.87; 0.31; 0.4,fusiform face; 9.54; 0.85; 0.32; 0.4,reading; 8.77; 0.78; 0.3; 0.49,face ffa; 8.69; 0.87; 0.31; 0.39,face; 8.64; 0.75; 0.38; 0.48,occipito; 8.27; 0.82; 0.45; 0.53
Right Lentiform Nucleus; Right Caudate; Right Putamen; Right Caudate Body; Right Claustrum,Right Caudate; Right Caudate Body; Right Putamen; Right Lentiform Nucleus; Right Claustrum,19,12,16,19,12,14,20,10,16,20,11,14,3,3.0704,caudate nucleus; 6.96; 0.85; 0.4; 0.46,caudate; 6.3; 0.79; 0.47; 0.5,nucleus; 4.99; 0.77; 0.36; 0.4,thought; 4.71; 0.76; 0.02; 0.01,rewards; 4.66; 0.81; 0.12; 0.19,thalamus; 4.43; 0.73; 0.33; 0.32,striatal; 4.4; 0.76; 0.44; 0.47,dorsal ventral; 4.2; 0.82; 0.02; -0.01,reward; 4.14; 0.73; 0.22; 0.28,dorsal anterior; 4.1; 0.77; 0.12; 0.06
Left  Cingulate Gyrus; Left  Caudate; Left  Caudate Body; Left  Brodmann area 23; Left  Brodmann area 24,Left  Cingulate Gyrus; Left  Brodmann area 23; Left  Caudate; Left  Brodmann area 24; Left  Caudate Body,-10,-13,31,-10,-11,29,-10,-11,29,-10,-10,27,3,3.2214,enhance; 4.84; 0.86; 0.01; -0.02,fa; 4.64; 0.86; 0.06; -0.09,list; 3.79; 0.87; 0.0; -0.02,aberrant; 0.0; 0.0; 0.0; 0.0,abilities; 0.0; 0.38; -0.01; -0.02,ability; 0.0; 0.58; 0.0; 0.0,able; 0.0; 0.68; -0.02; -0.02,abnormal; 0.0; 0.57; 0.0; -0.01,abnormalities; 0.0; 0.44; -0.01; -0.01,abnormality; 0.0; 0.0; 0.03; -0.03
Right Middle Frontal Gyrus; Right Brodmann area 9; Right Inferior Frontal Gyrus; Right Precentral Gyrus,Right Middle Frontal Gyrus; Right Brodmann area 9; Right Inferior Frontal Gyrus; Right Precentral Gyrus,37,14,32,36,15,29,37,14,32,36,15,29,3,3.0464,ifg; 6.3; 0.79; 0.1; 0.16,gyrus ifg; 5.54; 0.79; 0.08; 0.13,frontal gyrus; 5.11; 0.68; 0.09; 0.16,inferior frontal; 4.97; 0.67; 0.22; 0.3,procedures; 4.6; 0.83; 0.0; 0.0,frontal; 3.75; 0.62; 0.28; 0.37,dorsolateral; 3.62; 0.65; 0.2; 0.25,aberrant; 0.0; 0.41; -0.02; 0.0,abilities; 0.0; 0.6; -0.03; -0.02,ability; 0.0; 0.55; 0.0; 0.0
